epoch,lr,loss,dice,val_loss,val_dice
0,0.001,1.0890536308288574,0.31714235777008126,1.0957359075546265,0.2811803790948754
